<YYP_LOIPRO>
	<IDOC BEGIN="1">
		<EDI_DC40 SEGMENT="1">
			<TABNAM>EDI_DC40</TABNAM>
			<MANDT>300</MANDT>
			<DOCNUM>0000000503433350</DOCNUM>
			<DOCREL>750</DOCREL>
			<STATUS>30</STATUS>
			<DIRECT>1</DIRECT>
			<OUTMOD>2</OUTMOD>
			<IDOCTYP>LOIPRO01</IDOCTYP>
			<CIMTYP>YYP_LOIPRO</CIMTYP>
			<MESTYP>YYP_LOIPRO</MESTYP>
			<SNDPOR>SAPTRP</SNDPOR>
			<SNDPRT>LS</SNDPRT>
			<SNDPRN>TRP_300</SNDPRN>
			<RCVPOR>SAPPOP</RCVPOR>
			<RCVPRT>LS</RCVPRT>
			<RCVPRN>TX_EUROPA</RCVPRN>
			<CREDAT>20230607</CREDAT>
			<CRETIM>064429</CRETIM>
			<SERIAL>20230607064429</SERIAL>
		</EDI_DC40>
		<E1AFKOL SEGMENT="1">
			<AUFNR>37637205</AUFNR>
			<APROZ>0.00</APROZ>
			<AUART>YSB1</AUART>
			<AUFLD>20230601</AUFLD>
			<AUTYP>10</AUTYP>
			<BAUMNG>0.000</BAUMNG>
			<BMEINS>PCE</BMEINS>
			<BMENGE>217.000</BMENGE>
			<CY_SEQNR>00000000000000</CY_SEQNR>
			<DISPO>D21</DISPO>
			<FEVOR>000</FEVOR>
			<FHORI>000</FHORI>
			<FREIZ>000</FREIZ>
			<FTRMI>20230526</FTRMI>
			<FTRMS>20230606</FTRMS>
			<GAMNG>217.000</GAMNG>
			<GASMG>0.000</GASMG>
			<GETRI>20230606</GETRI>
			<GEUZI>130717</GEUZI>
			<GLTRI>20230606</GLTRI>
			<GLTRP>20230606</GLTRP>
			<GLTRS>20230606</GLTRS>
			<GLUZP>240000</GLUZP>
			<GLUZS>125453</GLUZS>
			<GMEIN>PCE</GMEIN>
			<GSTRI>20230606</GSTRI>
			<GSTRP>20230606</GSTRP>
			<GSTRS>20230606</GSTRS>
			<GSUZP>000000</GSUZP>
			<GSUZS>100216</GSUZS>
			<IASMG>0.000</IASMG>
			<IGMNG>217.000</IGMNG>
			<LODIV>0.000</LODIV>
			<MATNR>K124199</MATNR>
			<PLAUF>20230601</PLAUF>
			<PLGRP>SM</PLGRP>
			<PLNAL>0</PLNAL>
			<PLNME>PCE</PLNME>
			<PLNNR>DSM00077</PLNNR>
			<PLNTY>N</PLNTY>
			<PLSVB>999999.000</PLSVB>
			<PLSVN>1.000</PLSVN>
			<PSPEL>00000000</PSPEL>
			<RMNGA>0.000</RMNGA>
			<SBMEH>PCE</SBMEH>
			<SBMNG>1.000</SBMNG>
			<SICHZ>000</SICHZ>
			<SLSBS>0.000</SLSBS>
			<SLSVN>0.000</SLSVN>
			<STLAL>1</STLAL>
			<STLAN>1</STLAN>
			<STLNR>00224441</STLNR>
			<TERKZ>1</TERKZ>
			<VORGZ>000</VORGZ>
			<WERKS>1051</WERKS>
			<MATNR_EXTERNAL>K124199</MATNR_EXTERNAL>
			<MATNR_GUID>0050568900691ED5A0DB4E0444D01954</MATNR_GUID>
			<PRUEFLOS>000000000000</PRUEFLOS>
			<KDPOS>000000</KDPOS>
			<YYP_E1AFKOL SEGMENT="1">
				<RUECK>0000000000</RUECK>
				<SFCPF>YMLR02</SFCPF>
				<ERNAM>STOLZW</ERNAM>
				<ERDAT>20230526</ERDAT>
				<AENAM>STOLZW</AENAM>
				<AEDAT>20230607</AEDAT>
				<IDAT2>20230607</IDAT2>
				<PRCTR>PG031</PRCTR>
				<YYS_PRUEFLOS>000000000000</YYS_PRUEFLOS>
				<YYS_PROJCAT>000</YYS_PROJCAT>
				<YYS_PROTYPE>00</YYS_PROTYPE>
				<YYS_REGION>000</YYS_REGION>
				<PSOBS>E</PSOBS>
				<IAMNG>         0.000</IAMNG>
				<UNTTO> 0.0</UNTTO>
				<UEBTO> 0.0</UEBTO>
				<UEBTK>X</UEBTK>
				<WEPOS>X</WEPOS>
				<ELIKZ>X</ELIKZ>
				<CHARG>37637205</CHARG>
				<KDMAT>81.50804-6723</KDMAT>
				<YYM_TYPENUMBER>SN7125</YYM_TYPENUMBER>
			</YYP_E1AFKOL>
			<E1JSTKL SEGMENT="1">
				<STAT>E0001</STAT>
				<STSMA>Y0000002</STSMA>
			</E1JSTKL>
			<E1JSTKL SEGMENT="1">
				<STAT>E0024</STAT>
				<STSMA>Y0000002</STSMA>
			</E1JSTKL>
			<E1JSTKL SEGMENT="1">
				<STAT>I0007</STAT>
			</E1JSTKL>
			<E1JSTKL SEGMENT="1">
				<STAT>I0009</STAT>
			</E1JSTKL>
			<E1JSTKL SEGMENT="1">
				<STAT>I0012</STAT>
			</E1JSTKL>
			<E1JSTKL SEGMENT="1">
				<STAT>I0045</STAT>
			</E1JSTKL>
			<E1JSTKL SEGMENT="1">
				<STAT>I0215</STAT>
			</E1JSTKL>
			<E1JSTKL SEGMENT="1">
				<STAT>I0321</STAT>
			</E1JSTKL>
			<E1JSTKL SEGMENT="1">
				<STAT>I0361</STAT>
			</E1JSTKL>
			<E1JSTKL SEGMENT="1">
				<STAT>I0369</STAT>
			</E1JSTKL>
			<E1JSTKL SEGMENT="1">
				<STAT>I0370</STAT>
			</E1JSTKL>
			<E1JSTKL SEGMENT="1">
				<STAT>I0402</STAT>
			</E1JSTKL>
			<E1JSTKL SEGMENT="1">
				<STAT>I0420</STAT>
			</E1JSTKL>
			<E1JSTKL SEGMENT="1">
				<STAT>I0484</STAT>
			</E1JSTKL>
			<E1JSTKL SEGMENT="1">
				<STAT>I0580</STAT>
			</E1JSTKL>
			<E1AFFLL SEGMENT="1">
				<APLZL>00000001</APLZL>
				<AUSCHL>2</AUSCHL>
				<FLGAT>0</FLGAT>
				<LTXA1>Montage Scheibenbremse LSW8</LTXA1>
				<PLNFL>0</PLNFL>
				<E1AFVOL SEGMENT="1">
					<VORNR>0010</VORNR>
					<ABRUE>0.000000000000000E 00</ABRUE>
					<ANZZL>0</ANZZL>
					<ARBEI>0.0</ARBEI>
					<ARBID>10002549</ARBID>
					<ARUZE>MIN</ARUZE>
					<AUFAK>0.000</AUFAK>
					<BEARZ>1.726166666666667E 02</BEARZ>
					<BEAZE>MIN</BEAZE>
					<BMSCH>1.000</BMSCH>
					<CY_SEQNRV>00000000000000</CY_SEQNRV>
					<DAUNO>0.0</DAUNO>
					<DAUMI>0.0</DAUMI>
					<FSAVD>20230606</FSAVD>
					<FSAVZ>100216</FSAVZ>
					<FSEDD>20230606</FSEDD>
					<FSEDZ>125453</FSEDZ>
					<FSELD>20230606</FSELD>
					<FSELZ>125453</FSELZ>
					<FSEVD>20230606</FSEVD>
					<FSEVZ>125453</FSEVZ>
					<FSSAD>20230606</FSSAD>
					<FSSAZ>125453</FSSAZ>
					<FSSBD>20230606</FSSBD>
					<FSSBZ>100216</FSSBZ>
					<FSSLD>20230606</FSSLD>
					<FSSLZ>125453</FSSLZ>
					<KALID>YA</KALID>
					<LAR01>KEG02S</LAR01>
					<LAR02>KEG02P</LAR02>
					<LAR03>OH_SET</LAR03>
					<LAR04>OH_PRO</LAR04>
					<LIEGZ>0.000000000000000E 00</LIEGZ>
					<LMNGA>217.000</LMNGA>
					<LTXA1>Montage Scheibenbremse LSW8</LTXA1>
					<MEINH>PCE</MEINH>
					<MINWE>0.000</MINWE>
					<MGVRG>217.000</MGVRG>
					<PEINH>0</PEINH>
					<PREIS>0.00</PREIS>
					<PRZNT>0</PRZNT>
					<RMNGA>0.000</RMNGA>
					<RSTZE>MIN</RSTZE>
					<RUEST>0.000000000000000E 00</RUEST>
					<SPLIM>0</SPLIM>
					<SSAVD>20230606</SSAVD>
					<SSAVZ>100216</SSAVZ>
					<SSEDD>20230606</SSEDD>
					<SSEDZ>125453</SSEDZ>
					<SSELD>20230606</SSELD>
					<SSELZ>125453</SSELZ>
					<SSEVD>20230606</SSEVD>
					<SSEVZ>125453</SSEVZ>
					<SSSAD>20230606</SSSAD>
					<SSSAZ>125453</SSSAZ>
					<SSSBD>20230606</SSSBD>
					<SSSBZ>100216</SSSBZ>
					<SSSLD>20230606</SSSLD>
					<SSSLZ>125453</SSSLZ>
					<STEUS>YQ01</STEUS>
					<TRANZ>0.000000000000000E 00</TRANZ>
					<USR04>1.000</USR04>
					<USR05>5.000</USR05>
					<USE04>PCE</USE04>
					<USE05>PCE</USE05>
					<VGE01>MIN</VGE01>
					<VGE02>MIN</VGE02>
					<VGE03>MIN</VGE03>
					<VGE04>MIN</VGE04>
					<VGE05>SEC</VGE05>
					<VGW01>10.000</VGW01>
					<VGW02>0.700</VGW02>
					<VGW03>10.000</VGW03>
					<VGW04>0.700</VGW04>
					<VGW05>38.700</VGW05>
					<VGW06>0.000</VGW06>
					<VGWTS>Y001</VGWTS>
					<WARTZ>0.000000000000000E 00</WARTZ>
					<XMNGA>0.000</XMNGA>
					<ZLPRO>0.000</ZLPRO>
					<ZMINB>0.000</ZMINB>
					<ZMINU>0.000</ZMINU>
					<ZTMIN>0.000</ZTMIN>
					<ZWMIN>0.000</ZWMIN>
					<ZWNOR>0.000</ZWNOR>
					<ISAVD>20230606</ISAVD>
					<IEAVD>20230606</IEAVD>
					<ISDD>20230606</ISDD>
					<ISDZ>091313</ISDZ>
					<IEDD>20230606</IEDD>
					<IEDZ>130717</IEDZ>
					<ANZMA>0.00</ANZMA>
					<QUALF>PL</QUALF>
					<LOGRP>A03</LOGRP>
					<ARBPL>SM500408</ARBPL>
					<YYP_E1AFVOL SEGMENT="1">
						<AUFPL>0013278887</AUFPL>
						<ZLMAX>     0.000</ZLMAX>
						<ASVRG>         0.000</ASVRG>
						<GMNGA>       217.000</GMNGA>
						<ISMNW>         0.000</ISMNW>
						<IERD>20230606</IERD>
						<IERZ>091314</IERZ>
						<ISBD>20230606</ISBD>
						<ISBZ>091315</ISBZ>
						<IEBD>20230606</IEBD>
						<IEBZ>130717</IEBZ>
						<ISAD>00000000</ISAD>
						<ISAZ>000000</ISAZ>
						<EPANF>00000000</EPANF>
						<EPANZ>000000</EPANZ>
						<EPEND>00000000</EPEND>
						<EPENZ>000000</EPENZ>
						<APLFL>000000</APLFL>
						<RUECK>0060837665</RUECK>
						<RMZHL>00000220</RMZHL>
					</YYP_E1AFVOL>
					<YYP_E1AFVLT SEGMENT="1">
						<LO_TEXT_NO>  1</LO_TEXT_NO>
						<LO_TEXT_DESC>Bandmontage  S C H E I B E N B R E M S E</LO_TEXT_DESC>
					</YYP_E1AFVLT>
					<YYP_E1AFVLT SEGMENT="1">
						<LO_TEXT_NO>  2</LO_TEXT_NO>
						<LO_TEXT_DESC>G R O S S S E R I E N B A N D</LO_TEXT_DESC>
					</YYP_E1AFVLT>
					<YYP_E1AFVLT SEGMENT="1">
						<LO_TEXT_NO>  3</LO_TEXT_NO>
					</YYP_E1AFVLT>
					<YYP_E1AFVLT SEGMENT="1">
						<LO_TEXT_NO>  4</LO_TEXT_NO>
						<LO_TEXT_DESC>MONTIEREN KOMPLETT NACH STÜCKLISTE,</LO_TEXT_DESC>
					</YYP_E1AFVLT>
					<YYP_E1AFVLT SEGMENT="1">
						<LO_TEXT_NO>  5</LO_TEXT_NO>
						<LO_TEXT_DESC>RICHTZEICHNUNG, MONTAGEANWEISUNGEN UND</LO_TEXT_DESC>
					</YYP_E1AFVLT>
					<YYP_E1AFVLT SEGMENT="1">
						<LO_TEXT_NO>  6</LO_TEXT_NO>
						<LO_TEXT_DESC>PRÜFVORSCHRIFT.</LO_TEXT_DESC>
					</YYP_E1AFVLT>
					<E1JSTVL SEGMENT="1">
						<STAT>E0001</STAT>
						<STSMA>Y0000002</STSMA>
					</E1JSTVL>
					<E1JSTVL SEGMENT="1">
						<STAT>I0002</STAT>
					</E1JSTVL>
					<E1JSTVL SEGMENT="1">
						<STAT>I0007</STAT>
					</E1JSTVL>
					<E1JSTVL SEGMENT="1">
						<STAT>I0009</STAT>
					</E1JSTVL>
					<E1JSTVL SEGMENT="1">
						<STAT>I0045</STAT>
					</E1JSTVL>
					<E1JSTVL SEGMENT="1">
						<STAT>I0051</STAT>
					</E1JSTVL>
					<E1JSTVL SEGMENT="1">
						<STAT>I0052</STAT>
					</E1JSTVL>
					<E1JSTVL SEGMENT="1">
						<STAT>I0106</STAT>
					</E1JSTVL>
					<E1JSTVL SEGMENT="1">
						<STAT>I0109</STAT>
					</E1JSTVL>
				</E1AFVOL>
			</E1AFFLL>
			<E1AFPOL SEGMENT="1">
				<POSNR>0001</POSNR>
				<AMEIN>PCE</AMEIN>
				<BMENG>0.000</BMENG>
				<DFREI>1</DFREI>
				<KDEIN>0000</KDEIN>
				<KDPOS>000000</KDPOS>
				<LGORT>D03I</LGORT>
				<MATNR>K124199</MATNR>
				<MEINS>PCE</MEINS>
				<PLNUM>1049954694</PLNUM>
				<PSAMG>0.000</PSAMG>
				<PSMNG>217.000</PSMNG>
				<UMREN>1</UMREN>
				<UMREZ>1</UMREZ>
				<VERID>0001</VERID>
				<WEBAZ>0</WEBAZ>
				<WEMNG>217.000</WEMNG>
				<MATNR_EXTERNAL>K124199</MATNR_EXTERNAL>
				<MATNR_GUID>0050568900691ED5A0DB4E0444D01954</MATNR_GUID>
				<CHARG>37637205</CHARG>
				<PWERK>1051</PWERK>
			</E1AFPOL>
		</E1AFKOL>
	</IDOC>
</YYP_LOIPRO>