<YYP_LOIPRO>
	<IDOC BEGIN="1">
		<EDI_DC40 SEGMENT="1">
			<TABNAM>EDI_DC40</TABNAM>
			<MANDT>300</MANDT>
			<DOCNUM>0000000502616327</DOCNUM>
			<DOCREL>750</DOCREL>
			<STATUS>30</STATUS>
			<DIRECT>1</DIRECT>
			<OUTMOD>2</OUTMOD>
			<IDOCTYP>LOIPRO01</IDOCTYP>
			<CIMTYP>YYP_LOIPRO</CIMTYP>
			<MESTYP>YYP_LOIPRO</MESTYP>
			<SNDPOR>SAPTRP</SNDPOR>
			<SNDPRT>LS</SNDPRT>
			<SNDPRN>TRP_300</SNDPRN>
			<RCVPOR>SAPPOP</RCVPOR>
			<RCVPRT>LS</RCVPRT>
			<RCVPRN>TX_EUROPA</RCVPRN>
			<CREDAT>20230601</CREDAT>
			<CRETIM>090443</CRETIM>
			<SERIAL>20230601090443</SERIAL>
		</EDI_DC40>
		<E1AFKOL SEGMENT="1">
			<AUFNR>37637264</AUFNR>
			<APROZ>0.00</APROZ>
			<AUART>YSB1</AUART>
			<AUFLD>20230602</AUFLD>
			<AUTYP>10</AUTYP>
			<BAUMNG>0.000</BAUMNG>
			<BMEINS>PCE</BMEINS>
			<BMENGE>288.000</BMENGE>
			<CY_SEQNR>00000000000000</CY_SEQNR>
			<DISPO>D21</DISPO>
			<FEVOR>000</FEVOR>
			<FHORI>000</FHORI>
			<FREIZ>000</FREIZ>
			<FTRMI>20230530</FTRMI>
			<FTRMS>20230531</FTRMS>
			<GAMNG>288.000</GAMNG>
			<GASMG>0.000</GASMG>
			<GETRI>00000000</GETRI>
			<GEUZI>000000</GEUZI>
			<GLTRI>20230601</GLTRI>
			<GLTRP>20230601</GLTRP>
			<GLTRS>20230601</GLTRS>
			<GLUZP>240000</GLUZP>
			<GLUZS>083521</GLUZS>
			<GMEIN>PCE</GMEIN>
			<GSTRI>20230531</GSTRI>
			<GSTRP>20230531</GSTRP>
			<GSTRS>20230531</GSTRS>
			<GSUZP>000000</GSUZP>
			<GSUZS>205516</GSUZS>
			<IASMG>0.000</IASMG>
			<IGMNG>273.000</IGMNG>
			<LODIV>0.000</LODIV>
			<MATNR>K172244</MATNR>
			<PLAUF>20230602</PLAUF>
			<PLGRP>SM</PLGRP>
			<PLNAL>0</PLNAL>
			<PLNME>PCE</PLNME>
			<PLNNR>DSM00068</PLNNR>
			<PLNTY>N</PLNTY>
			<PLSVB>999999.000</PLSVB>
			<PLSVN>1.000</PLSVN>
			<PSPEL>00000000</PSPEL>
			<RMNGA>3.000</RMNGA>
			<SBMEH>PCE</SBMEH>
			<SBMNG>1.000</SBMNG>
			<SICHZ>000</SICHZ>
			<SLSBS>0.000</SLSBS>
			<SLSVN>0.000</SLSVN>
			<STLAL>1</STLAL>
			<STLAN>1</STLAN>
			<STLNR>00286366</STLNR>
			<TERKZ>1</TERKZ>
			<VORGZ>000</VORGZ>
			<WERKS>1051</WERKS>
			<MATNR_EXTERNAL>K172244</MATNR_EXTERNAL>
			<MATNR_GUID>0050568900691ED98BBB9035B8A7D88C</MATNR_GUID>
			<PRUEFLOS>000000000000</PRUEFLOS>
			<KDPOS>000000</KDPOS>
			<YYP_E1AFKOL SEGMENT="1">
				<RUECK>0000000000</RUECK>
				<SFCPF>YMLR02</SFCPF>
				<ERNAM>STOLZW</ERNAM>
				<ERDAT>20230526</ERDAT>
				<AENAM>ALEREMOTE</AENAM>
				<AEDAT>20230601</AEDAT>
				<IDAT2>00000000</IDAT2>
				<PRCTR>PG031</PRCTR>
				<YYS_PROJCAT>000</YYS_PROJCAT>
				<YYS_PROTYPE>00</YYS_PROTYPE>
				<YYS_REGION>000</YYS_REGION>
				<PSOBS>E</PSOBS>
				<IAMNG>         0.000</IAMNG>
				<UNTTO> 0.0</UNTTO>
				<UEBTO> 0.0</UEBTO>
				<UEBTK>X</UEBTK>
				<WEPOS>X</WEPOS>
				<CHARG>37637264</CHARG>
				<YYM_TYPENUMBER>ST7002</YYM_TYPENUMBER>
			</YYP_E1AFKOL>
			<YYP_E1AFHUM SEGMENT="1">
				<VENUM>0036468881</VENUM>
				<VHILM>#L099</VHILM>
				<VEMNG>          18.000</VEMNG>
				<MATNR>K172244</MATNR>
				<VEANZ>         0</VEANZ>
				<KDMAT>1371243</KDMAT>
				<KUNNR>0001000075</KUNNR>
				<NAME1>Schmitz Cargobull AG</NAME1>
				<ORT01>Altenberge</ORT01>
				<PSTLZ>48341</PSTLZ>
				<REGIO>05</REGIO>
				<LANDX>Germany</LANDX>
			</YYP_E1AFHUM>
			<YYP_E1AFHUM SEGMENT="1">
				<VENUM>0036468882</VENUM>
				<VHILM>#L099</VHILM>
				<VEMNG>          18.000</VEMNG>
				<MATNR>K172244</MATNR>
				<VEANZ>         0</VEANZ>
				<KDMAT>1371243</KDMAT>
				<KUNNR>0001000075</KUNNR>
				<NAME1>Schmitz Cargobull AG</NAME1>
				<ORT01>Altenberge</ORT01>
				<PSTLZ>48341</PSTLZ>
				<REGIO>05</REGIO>
				<LANDX>Germany</LANDX>
			</YYP_E1AFHUM>
			<YYP_E1AFHUM SEGMENT="1">
				<VENUM>0036468883</VENUM>
				<VHILM>#L099</VHILM>
				<VEMNG>          18.000</VEMNG>
				<MATNR>K172244</MATNR>
				<VEANZ>         0</VEANZ>
				<KDMAT>1371243</KDMAT>
				<KUNNR>0001000075</KUNNR>
				<NAME1>Schmitz Cargobull AG</NAME1>
				<ORT01>Altenberge</ORT01>
				<PSTLZ>48341</PSTLZ>
				<REGIO>05</REGIO>
				<LANDX>Germany</LANDX>
			</YYP_E1AFHUM>
			<YYP_E1AFHUM SEGMENT="1">
				<VENUM>0036468884</VENUM>
				<VHILM>#L099</VHILM>
				<VEMNG>          18.000</VEMNG>
				<MATNR>K172244</MATNR>
				<VEANZ>         0</VEANZ>
				<KDMAT>1371243</KDMAT>
				<KUNNR>0001000075</KUNNR>
				<NAME1>Schmitz Cargobull AG</NAME1>
				<ORT01>Altenberge</ORT01>
				<PSTLZ>48341</PSTLZ>
				<REGIO>05</REGIO>
				<LANDX>Germany</LANDX>
			</YYP_E1AFHUM>
			<YYP_E1AFHUM SEGMENT="1">
				<VENUM>0036468885</VENUM>
				<VHILM>#L099</VHILM>
				<VEMNG>          18.000</VEMNG>
				<MATNR>K172244</MATNR>
				<VEANZ>         0</VEANZ>
				<KDMAT>1371243</KDMAT>
				<KUNNR>0001000075</KUNNR>
				<NAME1>Schmitz Cargobull AG</NAME1>
				<ORT01>Altenberge</ORT01>
				<PSTLZ>48341</PSTLZ>
				<REGIO>05</REGIO>
				<LANDX>Germany</LANDX>
			</YYP_E1AFHUM>
			<YYP_E1AFHUM SEGMENT="1">
				<VENUM>0036468886</VENUM>
				<VHILM>#L099</VHILM>
				<VEMNG>          18.000</VEMNG>
				<MATNR>K172244</MATNR>
				<VEANZ>         0</VEANZ>
				<KDMAT>1371243</KDMAT>
				<KUNNR>0001000075</KUNNR>
				<NAME1>Schmitz Cargobull AG</NAME1>
				<ORT01>Altenberge</ORT01>
				<PSTLZ>48341</PSTLZ>
				<REGIO>05</REGIO>
				<LANDX>Germany</LANDX>
			</YYP_E1AFHUM>
			<YYP_E1AFHUM SEGMENT="1">
				<VENUM>0036468887</VENUM>
				<VHILM>#L099</VHILM>
				<VEMNG>          18.000</VEMNG>
				<MATNR>K172244</MATNR>
				<VEANZ>         0</VEANZ>
				<KDMAT>1371243</KDMAT>
				<KUNNR>0001000075</KUNNR>
				<NAME1>Schmitz Cargobull AG</NAME1>
				<ORT01>Altenberge</ORT01>
				<PSTLZ>48341</PSTLZ>
				<REGIO>05</REGIO>
				<LANDX>Germany</LANDX>
			</YYP_E1AFHUM>
			<YYP_E1AFHUM SEGMENT="1">
				<VENUM>0036468888</VENUM>
				<VHILM>#L099</VHILM>
				<VEMNG>          18.000</VEMNG>
				<MATNR>K172244</MATNR>
				<VEANZ>         0</VEANZ>
				<KDMAT>1371243</KDMAT>
				<KUNNR>0001000075</KUNNR>
				<NAME1>Schmitz Cargobull AG</NAME1>
				<ORT01>Altenberge</ORT01>
				<PSTLZ>48341</PSTLZ>
				<REGIO>05</REGIO>
				<LANDX>Germany</LANDX>
			</YYP_E1AFHUM>
			<YYP_E1AFHUM SEGMENT="1">
				<VENUM>0036468889</VENUM>
				<VHILM>#L099</VHILM>
				<VEMNG>          18.000</VEMNG>
				<MATNR>K172244</MATNR>
				<VEANZ>         0</VEANZ>
				<KDMAT>1371243</KDMAT>
				<KUNNR>0001000075</KUNNR>
				<NAME1>Schmitz Cargobull AG</NAME1>
				<ORT01>Altenberge</ORT01>
				<PSTLZ>48341</PSTLZ>
				<REGIO>05</REGIO>
				<LANDX>Germany</LANDX>
			</YYP_E1AFHUM>
			<YYP_E1AFHUM SEGMENT="1">
				<VENUM>0036468890</VENUM>
				<VHILM>#L099</VHILM>
				<VEMNG>          18.000</VEMNG>
				<MATNR>K172244</MATNR>
				<VEANZ>         0</VEANZ>
				<KDMAT>1371243</KDMAT>
				<KUNNR>0001000075</KUNNR>
				<NAME1>Schmitz Cargobull AG</NAME1>
				<ORT01>Altenberge</ORT01>
				<PSTLZ>48341</PSTLZ>
				<REGIO>05</REGIO>
				<LANDX>Germany</LANDX>
			</YYP_E1AFHUM>
			<YYP_E1AFHUM SEGMENT="1">
				<VENUM>0036468891</VENUM>
				<VHILM>#L099</VHILM>
				<VEMNG>          18.000</VEMNG>
				<MATNR>K172244</MATNR>
				<VEANZ>         0</VEANZ>
				<KDMAT>1371243</KDMAT>
				<KUNNR>0001000075</KUNNR>
				<NAME1>Schmitz Cargobull AG</NAME1>
				<ORT01>Altenberge</ORT01>
				<PSTLZ>48341</PSTLZ>
				<REGIO>05</REGIO>
				<LANDX>Germany</LANDX>
			</YYP_E1AFHUM>
			<YYP_E1AFHUM SEGMENT="1">
				<VENUM>0036468892</VENUM>
				<VHILM>#L099</VHILM>
				<VEMNG>          18.000</VEMNG>
				<MATNR>K172244</MATNR>
				<VEANZ>         0</VEANZ>
				<KDMAT>1371243</KDMAT>
				<KUNNR>0001000075</KUNNR>
				<NAME1>Schmitz Cargobull AG</NAME1>
				<ORT01>Altenberge</ORT01>
				<PSTLZ>48341</PSTLZ>
				<REGIO>05</REGIO>
				<LANDX>Germany</LANDX>
			</YYP_E1AFHUM>
			<YYP_E1AFHUM SEGMENT="1">
				<VENUM>0036468893</VENUM>
				<VHILM>#L099</VHILM>
				<VEMNG>          18.000</VEMNG>
				<MATNR>K172244</MATNR>
				<VEANZ>         0</VEANZ>
				<KDMAT>1371243</KDMAT>
				<KUNNR>0001000075</KUNNR>
				<NAME1>Schmitz Cargobull AG</NAME1>
				<ORT01>Altenberge</ORT01>
				<PSTLZ>48341</PSTLZ>
				<REGIO>05</REGIO>
				<LANDX>Germany</LANDX>
			</YYP_E1AFHUM>
			<YYP_E1AFHUM SEGMENT="1">
				<VENUM>0036468894</VENUM>
				<VHILM>#L099</VHILM>
				<VEMNG>          18.000</VEMNG>
				<MATNR>K172244</MATNR>
				<VEANZ>         0</VEANZ>
				<KDMAT>1371243</KDMAT>
				<KUNNR>0001000075</KUNNR>
				<NAME1>Schmitz Cargobull AG</NAME1>
				<ORT01>Altenberge</ORT01>
				<PSTLZ>48341</PSTLZ>
				<REGIO>05</REGIO>
				<LANDX>Germany</LANDX>
			</YYP_E1AFHUM>
			<YYP_E1AFHUM SEGMENT="1">
				<VENUM>0036468895</VENUM>
				<VHILM>#L099</VHILM>
				<VEMNG>          18.000</VEMNG>
				<MATNR>K172244</MATNR>
				<VEANZ>         0</VEANZ>
				<KDMAT>1371243</KDMAT>
				<KUNNR>0001000075</KUNNR>
				<NAME1>Schmitz Cargobull AG</NAME1>
				<ORT01>Altenberge</ORT01>
				<PSTLZ>48341</PSTLZ>
				<REGIO>05</REGIO>
				<LANDX>Germany</LANDX>
			</YYP_E1AFHUM>
			<YYP_E1AFHUM SEGMENT="1">
				<VENUM>0036468896</VENUM>
				<VHILM>#L099</VHILM>
				<VEMNG>          18.000</VEMNG>
				<MATNR>K172244</MATNR>
				<VEANZ>         0</VEANZ>
				<KDMAT>1371243</KDMAT>
				<KUNNR>0001000075</KUNNR>
				<NAME1>Schmitz Cargobull AG</NAME1>
				<ORT01>Altenberge</ORT01>
				<PSTLZ>48341</PSTLZ>
				<REGIO>05</REGIO>
				<LANDX>Germany</LANDX>
			</YYP_E1AFHUM>
			<E1JSTKL SEGMENT="1">
				<STAT>E0001</STAT>
				<STSMA>Y0000002</STSMA>
			</E1JSTKL>
			<E1JSTKL SEGMENT="1">
				<STAT>E0024</STAT>
				<STSMA>Y0000002</STSMA>
			</E1JSTKL>
			<E1JSTKL SEGMENT="1">
				<STAT>I0002</STAT>
			</E1JSTKL>
			<E1JSTKL SEGMENT="1">
				<STAT>I0007</STAT>
			</E1JSTKL>
			<E1JSTKL SEGMENT="1">
				<STAT>I0010</STAT>
			</E1JSTKL>
			<E1JSTKL SEGMENT="1">
				<STAT>I0074</STAT>
			</E1JSTKL>
			<E1JSTKL SEGMENT="1">
				<STAT>I0215</STAT>
			</E1JSTKL>
			<E1JSTKL SEGMENT="1">
				<STAT>I0321</STAT>
			</E1JSTKL>
			<E1JSTKL SEGMENT="1">
				<STAT>I0361</STAT>
			</E1JSTKL>
			<E1JSTKL SEGMENT="1">
				<STAT>I0369</STAT>
			</E1JSTKL>
			<E1JSTKL SEGMENT="1">
				<STAT>I0370</STAT>
			</E1JSTKL>
			<E1JSTKL SEGMENT="1">
				<STAT>I0402</STAT>
			</E1JSTKL>
			<E1JSTKL SEGMENT="1">
				<STAT>I0420</STAT>
			</E1JSTKL>
			<E1JSTKL SEGMENT="1">
				<STAT>I0484</STAT>
			</E1JSTKL>
			<E1AFFLL SEGMENT="1">
				<APLZL>00000001</APLZL>
				<AUSCHL>2</AUSCHL>
				<FLGAT>0</FLGAT>
				<LTXA1>Montage Scheibenbremse LSW3</LTXA1>
				<PLNFL>0</PLNFL>
				<E1AFVOL SEGMENT="1">
					<VORNR>0010</VORNR>
					<ABRUE>0.000000000000000E 00</ABRUE>
					<ANZZL>0</ANZZL>
					<ARBEI>0.0</ARBEI>
					<ARBID>10001252</ARBID>
					<ARUZE>MIN</ARUZE>
					<AUFAK>0.000</AUFAK>
					<BEARZ>7.000500000000000E 02</BEARZ>
					<BEAZE>MIN</BEAZE>
					<BMSCH>1.000</BMSCH>
					<CY_SEQNRV>00000000000000</CY_SEQNRV>
					<DAUNO>0.0</DAUNO>
					<DAUMI>0.0</DAUMI>
					<FSAVD>20230531</FSAVD>
					<FSAVZ>205516</FSAVZ>
					<FSEDD>20230601</FSEDD>
					<FSEDZ>083521</FSEDZ>
					<FSELD>20230601</FSELD>
					<FSELZ>083521</FSELZ>
					<FSEVD>20230601</FSEVD>
					<FSEVZ>083521</FSEVZ>
					<FSSAD>20230601</FSSAD>
					<FSSAZ>083521</FSSAZ>
					<FSSBD>20230531</FSSBD>
					<FSSBZ>205518</FSSBZ>
					<FSSLD>20230601</FSSLD>
					<FSSLZ>083521</FSSLZ>
					<KALID>YA</KALID>
					<LAR01>KEG03S</LAR01>
					<LAR02>KEG03P</LAR02>
					<LAR03>OH_SET</LAR03>
					<LAR04>OH_PRO</LAR04>
					<LIEGZ>0.000000000000000E 00</LIEGZ>
					<LMNGA>273.000</LMNGA>
					<LTXA1>Montage Scheibenbremse LSW3</LTXA1>
					<MEINH>PCE</MEINH>
					<MINWE>0.000</MINWE>
					<MGVRG>288.000</MGVRG>
					<PEINH>0</PEINH>
					<PREIS>0.00</PREIS>
					<PRZNT>0</PRZNT>
					<RMNGA>3.000</RMNGA>
					<RSTZE>MIN</RSTZE>
					<RUEST>3.333333333333333E-02</RUEST>
					<SPLIM>0</SPLIM>
					<SSAVD>20230531</SSAVD>
					<SSAVZ>205516</SSAVZ>
					<SSEDD>20230601</SSEDD>
					<SSEDZ>083521</SSEDZ>
					<SSELD>20230601</SSELD>
					<SSELZ>083521</SSELZ>
					<SSEVD>20230601</SSEVD>
					<SSEVZ>083521</SSEVZ>
					<SSSAD>20230601</SSSAD>
					<SSSAZ>083521</SSSAZ>
					<SSSBD>20230531</SSSBD>
					<SSSBZ>205518</SSSBZ>
					<SSSLD>20230601</SSSLD>
					<SSSLZ>083521</SSSLZ>
					<STEUS>YQ01</STEUS>
					<TRANZ>0.000000000000000E 00</TRANZ>
					<USR04>1.000</USR04>
					<USR05>5.000</USR05>
					<USE04>PCE</USE04>
					<USE05>PCE</USE05>
					<VGE01>MIN</VGE01>
					<VGE02>MIN</VGE02>
					<VGE03>MIN</VGE03>
					<VGE04>MIN</VGE04>
					<VGE05>SEC</VGE05>
					<VGW01>10.000</VGW01>
					<VGW02>0.700</VGW02>
					<VGW03>10.000</VGW03>
					<VGW04>0.700</VGW04>
					<VGW05>38.700</VGW05>
					<VGW06>0.000</VGW06>
					<VGWTS>Y001</VGWTS>
					<WARTZ>0.000000000000000E 00</WARTZ>
					<XDISP>X</XDISP>
					<XMNGA>0.000</XMNGA>
					<ZLPRO>0.000</ZLPRO>
					<ZMINB>0.000</ZMINB>
					<ZMINU>0.000</ZMINU>
					<ZTMIN>0.000</ZTMIN>
					<ZWMIN>0.000</ZWMIN>
					<ZWNOR>0.000</ZWNOR>
					<ISAVD>20230531</ISAVD>
					<IEAVD>20230601</IEAVD>
					<ISDD>20230531</ISDD>
					<ISDZ>205516</ISDZ>
					<IEDD>20230601</IEDD>
					<IEDZ>090018</IEDZ>
					<ANZMA>0.00</ANZMA>
					<QUALF>PL</QUALF>
					<LOGRP>A03</LOGRP>
					<ARBPL>SM500403</ARBPL>
					<YYP_E1AFVOL SEGMENT="1">
						<AUFPL>0013278855</AUFPL>
						<ZLMAX>     0.000</ZLMAX>
						<ASVRG>         0.000</ASVRG>
						<GMNGA>       273.000</GMNGA>
						<ISMNW>         0.000</ISMNW>
						<IERD>20230531</IERD>
						<IERZ>205517</IERZ>
						<ISBD>20230531</ISBD>
						<ISBZ>205518</ISBZ>
						<IEBD>20230601</IEBD>
						<IEBZ>090018</IEBZ>
						<ISAD>00000000</ISAD>
						<ISAZ>000000</ISAZ>
						<EPANF>20230531</EPANF>
						<EPANZ>205516</EPANZ>
						<EPEND>20230601</EPEND>
						<EPENZ>083521</EPENZ>
						<APLFL>000000</APLFL>
						<RUECK>0060837556</RUECK>
						<RMZHL>00000279</RMZHL>
					</YYP_E1AFVOL>
					<YYP_E1AFVLT SEGMENT="1">
						<LO_TEXT_NO>  1</LO_TEXT_NO>
						<LO_TEXT_DESC>Bandmontage  S C H E I B E N B R E M S E</LO_TEXT_DESC>
					</YYP_E1AFVLT>
					<YYP_E1AFVLT SEGMENT="1">
						<LO_TEXT_NO>  2</LO_TEXT_NO>
						<LO_TEXT_DESC>G R O S S S E R I E N B A N D</LO_TEXT_DESC>
					</YYP_E1AFVLT>
					<YYP_E1AFVLT SEGMENT="1">
						<LO_TEXT_NO>  3</LO_TEXT_NO>
					</YYP_E1AFVLT>
					<YYP_E1AFVLT SEGMENT="1">
						<LO_TEXT_NO>  4</LO_TEXT_NO>
						<LO_TEXT_DESC>MONTIEREN KOMPLETT NACH STÜCKLISTE,</LO_TEXT_DESC>
					</YYP_E1AFVLT>
					<YYP_E1AFVLT SEGMENT="1">
						<LO_TEXT_NO>  5</LO_TEXT_NO>
						<LO_TEXT_DESC>RICHTZEICHNUNG, MONTAGEANWEISUNGEN UND</LO_TEXT_DESC>
					</YYP_E1AFVLT>
					<YYP_E1AFVLT SEGMENT="1">
						<LO_TEXT_NO>  6</LO_TEXT_NO>
						<LO_TEXT_DESC>PRÜFVORSCHRIFT.</LO_TEXT_DESC>
					</YYP_E1AFVLT>
					<E1JSTVL SEGMENT="1">
						<STAT>E0001</STAT>
						<STSMA>Y0000002</STSMA>
					</E1JSTVL>
					<E1JSTVL SEGMENT="1">
						<STAT>I0002</STAT>
					</E1JSTVL>
					<E1JSTVL SEGMENT="1">
						<STAT>I0007</STAT>
					</E1JSTVL>
					<E1JSTVL SEGMENT="1">
						<STAT>I0010</STAT>
					</E1JSTVL>
					<E1JSTVL SEGMENT="1">
						<STAT>I0029</STAT>
					</E1JSTVL>
					<E1JSTVL SEGMENT="1">
						<STAT>I0051</STAT>
					</E1JSTVL>
					<E1JSTVL SEGMENT="1">
						<STAT>I0052</STAT>
					</E1JSTVL>
					<E1JSTVL SEGMENT="1">
						<STAT>I0106</STAT>
					</E1JSTVL>
					<E1JSTVL SEGMENT="1">
						<STAT>I0117</STAT>
					</E1JSTVL>
					<E1JSTVL SEGMENT="1">
						<STAT>I0272</STAT>
					</E1JSTVL>
					<E1RESBL SEGMENT="1">
						<AUSCH>0.00</AUSCH>
						<AVOAU>0.00</AVOAU>
						<BDART>AR</BDART>
						<BDMNG>3168.000</BDMNG>
						<BDTER>20230531</BDTER>
						<ENMNG>0.000</ENMNG>
						<LGORT>M01W</LGORT>
						<MATNR>K126926</MATNR>
						<MEINS>GRM</MEINS>
						<SBTER>20230601</SBTER>
						<VMENG>0.000</VMENG>
						<WERKS>1051</WERKS>
						<SHKZG>H</SHKZG>
						<BWART>261</BWART>
						<POSNR>0010</POSNR>
						<MATNR_EXTERNAL>K126926</MATNR_EXTERNAL>
						<MATNR_GUID>0050568900691EE5A0ADA5A8D3B2F4C8</MATNR_GUID>
						<RSNUM>1670696655</RSNUM>
						<RSPOS>0001</RSPOS>
						<ALPRF>00</ALPRF>
						<EWAHR>0</EWAHR>
						<NOMNG>0.000</NOMNG>
						<AUFST>00</AUFST>
						<AUFWG>00</AUFWG>
						<BAUST>00</BAUST>
						<BAUWG>00</BAUWG>
						<MRPOS>0000</MRPOS>
						<POSTP>L</POSTP>
						<AFPOS>0000</AFPOS>
						<STLNR>00286366</STLNR>
						<STLKN>00000160</STLKN>
						<STPOZ>00000483</STPOZ>
						<ASQTY>0.000</ASQTY>
						<LGNUM>ALD</LGNUM>
						<PRVBE>SM-L3</PRVBE>
					</E1RESBL>
					<E1RESBL SEGMENT="1">
						<AUSCH>0.00</AUSCH>
						<AVOAU>0.00</AVOAU>
						<BDART>AR</BDART>
						<BDMNG>576.000</BDMNG>
						<BDTER>20230531</BDTER>
						<ENMNG>0.000</ENMNG>
						<LGORT>M01W</LGORT>
						<MATNR>C31308</MATNR>
						<MEINS>PCE</MEINS>
						<SBTER>20230601</SBTER>
						<VMENG>0.000</VMENG>
						<WERKS>1051</WERKS>
						<SHKZG>H</SHKZG>
						<BWART>261</BWART>
						<POSNR>0030</POSNR>
						<MATNR_EXTERNAL>C31308</MATNR_EXTERNAL>
						<MATNR_GUID>45FE1C42B01908C7E100000095F403B4</MATNR_GUID>
						<RSNUM>1670696655</RSNUM>
						<RSPOS>0002</RSPOS>
						<ALPRF>00</ALPRF>
						<EWAHR>0</EWAHR>
						<NOMNG>0.000</NOMNG>
						<AUFST>00</AUFST>
						<AUFWG>00</AUFWG>
						<BAUST>00</BAUST>
						<BAUWG>00</BAUWG>
						<MRPOS>0000</MRPOS>
						<POSTP>L</POSTP>
						<AFPOS>0000</AFPOS>
						<STLNR>00286366</STLNR>
						<STLKN>00000161</STLKN>
						<STPOZ>00000485</STPOZ>
						<ASQTY>0.000</ASQTY>
						<LGNUM>ALD</LGNUM>
						<PRVBE>SM-L3</PRVBE>
					</E1RESBL>
					<E1RESBL SEGMENT="1">
						<AUSCH>0.00</AUSCH>
						<AVOAU>0.00</AVOAU>
						<BDART>AR</BDART>
						<BDMNG>288.000</BDMNG>
						<BDTER>20230531</BDTER>
						<ENMNG>0.000</ENMNG>
						<LGORT>M01W</LGORT>
						<MATNR>K097492</MATNR>
						<MEINS>PCE</MEINS>
						<SBTER>20230601</SBTER>
						<VMENG>0.000</VMENG>
						<WERKS>1051</WERKS>
						<SHKZG>H</SHKZG>
						<BWART>261</BWART>
						<POSNR>0040</POSNR>
						<MATNR_EXTERNAL>K097492</MATNR_EXTERNAL>
						<MATNR_GUID>F38DC451C547E15AE100000095F40890</MATNR_GUID>
						<RSNUM>1670696655</RSNUM>
						<RSPOS>0003</RSPOS>
						<ALPRF>00</ALPRF>
						<EWAHR>0</EWAHR>
						<NOMNG>0.000</NOMNG>
						<AUFST>00</AUFST>
						<AUFWG>00</AUFWG>
						<BAUST>00</BAUST>
						<BAUWG>00</BAUWG>
						<MRPOS>0000</MRPOS>
						<POSTP>L</POSTP>
						<AFPOS>0000</AFPOS>
						<STLNR>00286366</STLNR>
						<STLKN>00000162</STLKN>
						<STPOZ>00000487</STPOZ>
						<ASQTY>0.000</ASQTY>
						<LGNUM>ALD</LGNUM>
						<PRVBE>SM-L3</PRVBE>
					</E1RESBL>
					<E1RESBL SEGMENT="1">
						<AUSCH>0.00</AUSCH>
						<AVOAU>0.00</AVOAU>
						<BDART>AR</BDART>
						<BDMNG>576.000</BDMNG>
						<BDTER>20230531</BDTER>
						<ENMNG>0.000</ENMNG>
						<LGORT>M01W</LGORT>
						<MATNR>C72769</MATNR>
						<MEINS>PCE</MEINS>
						<SBTER>20230601</SBTER>
						<VMENG>0.000</VMENG>
						<WERKS>1051</WERKS>
						<SHKZG>H</SHKZG>
						<BWART>261</BWART>
						<POSNR>0090</POSNR>
						<MATNR_EXTERNAL>C72769</MATNR_EXTERNAL>
						<MATNR_GUID>45FE28C2B01908C7E100000095F403B4</MATNR_GUID>
						<RSNUM>1670696655</RSNUM>
						<RSPOS>0004</RSPOS>
						<ALPRF>00</ALPRF>
						<EWAHR>0</EWAHR>
						<NOMNG>0.000</NOMNG>
						<AUFST>00</AUFST>
						<AUFWG>00</AUFWG>
						<BAUST>00</BAUST>
						<BAUWG>00</BAUWG>
						<MRPOS>0000</MRPOS>
						<POSTP>L</POSTP>
						<AFPOS>0000</AFPOS>
						<STLNR>00286366</STLNR>
						<STLKN>00000163</STLKN>
						<STPOZ>00000489</STPOZ>
						<ASQTY>0.000</ASQTY>
						<LGNUM>ALD</LGNUM>
						<PRVBE>SM-L3</PRVBE>
					</E1RESBL>
					<E1RESBL SEGMENT="1">
						<AUSCH>0.00</AUSCH>
						<AVOAU>0.00</AVOAU>
						<BDART>AR</BDART>
						<BDMNG>288.000</BDMNG>
						<BDTER>20230531</BDTER>
						<ENMNG>0.000</ENMNG>
						<LGORT>M01W</LGORT>
						<MATNR>K067041</MATNR>
						<MEINS>PCE</MEINS>
						<SBTER>20230601</SBTER>
						<VMENG>0.000</VMENG>
						<WERKS>1051</WERKS>
						<SHKZG>H</SHKZG>
						<BWART>261</BWART>
						<POSNR>0170</POSNR>
						<MATNR_EXTERNAL>K067041</MATNR_EXTERNAL>
						<MATNR_GUID>3AA0FF51C9323A2BE100000095F40890</MATNR_GUID>
						<RSNUM>1670696655</RSNUM>
						<RSPOS>0005</RSPOS>
						<ALPRF>00</ALPRF>
						<EWAHR>0</EWAHR>
						<NOMNG>0.000</NOMNG>
						<AUFST>00</AUFST>
						<AUFWG>00</AUFWG>
						<BAUST>00</BAUST>
						<BAUWG>00</BAUWG>
						<MRPOS>0000</MRPOS>
						<POSTP>L</POSTP>
						<AFPOS>0000</AFPOS>
						<STLNR>00286366</STLNR>
						<STLKN>00000165</STLKN>
						<STPOZ>00000493</STPOZ>
						<ASQTY>0.000</ASQTY>
						<LGNUM>ALD</LGNUM>
						<PRVBE>SM-L3</PRVBE>
					</E1RESBL>
					<E1RESBL SEGMENT="1">
						<AUSCH>0.00</AUSCH>
						<AVOAU>0.00</AVOAU>
						<BDART>AR</BDART>
						<BDMNG>288.000</BDMNG>
						<BDTER>20230531</BDTER>
						<ENMNG>0.000</ENMNG>
						<LGORT>M01W</LGORT>
						<MATNR>Z003360</MATNR>
						<MEINS>PCE</MEINS>
						<SBTER>20230601</SBTER>
						<VMENG>0.000</VMENG>
						<WERKS>1051</WERKS>
						<SHKZG>H</SHKZG>
						<BWART>261</BWART>
						<POSNR>0280</POSNR>
						<MATNR_EXTERNAL>Z003360</MATNR_EXTERNAL>
						<MATNR_GUID>45FE60A8B01908C7E100000095F403B4</MATNR_GUID>
						<RSNUM>1670696655</RSNUM>
						<RSPOS>0006</RSPOS>
						<ALPRF>00</ALPRF>
						<EWAHR>0</EWAHR>
						<NOMNG>0.000</NOMNG>
						<AUFST>00</AUFST>
						<AUFWG>00</AUFWG>
						<BAUST>00</BAUST>
						<BAUWG>00</BAUWG>
						<MRPOS>0000</MRPOS>
						<POSTP>L</POSTP>
						<AFPOS>0000</AFPOS>
						<STLNR>00286366</STLNR>
						<STLKN>00000166</STLKN>
						<STPOZ>00000495</STPOZ>
						<ASQTY>0.000</ASQTY>
						<LGNUM>ALD</LGNUM>
						<PRVBE>SM-L3</PRVBE>
					</E1RESBL>
					<E1RESBL SEGMENT="1">
						<AUSCH>0.00</AUSCH>
						<AVOAU>0.00</AVOAU>
						<BDART>AR</BDART>
						<BDMNG>576.000</BDMNG>
						<BDTER>20230531</BDTER>
						<ENMNG>0.000</ENMNG>
						<LGORT>M01W</LGORT>
						<MATNR>K019508</MATNR>
						<MEINS>PCE</MEINS>
						<SBTER>20230601</SBTER>
						<VMENG>0.000</VMENG>
						<WERKS>1051</WERKS>
						<SHKZG>H</SHKZG>
						<BWART>261</BWART>
						<POSNR>0520</POSNR>
						<MATNR_EXTERNAL>K019508</MATNR_EXTERNAL>
						<MATNR_GUID>45FE56CEB01908C7E100000095F403B4</MATNR_GUID>
						<RSNUM>1670696655</RSNUM>
						<RSPOS>0007</RSPOS>
						<ALPRF>00</ALPRF>
						<EWAHR>0</EWAHR>
						<NOMNG>0.000</NOMNG>
						<AUFST>00</AUFST>
						<AUFWG>00</AUFWG>
						<BAUST>00</BAUST>
						<BAUWG>00</BAUWG>
						<MRPOS>0000</MRPOS>
						<POSTP>L</POSTP>
						<AFPOS>0000</AFPOS>
						<STLNR>00286366</STLNR>
						<STLKN>00000167</STLKN>
						<STPOZ>00000497</STPOZ>
						<ASQTY>0.000</ASQTY>
						<LGNUM>ALD</LGNUM>
						<PRVBE>SM-L3</PRVBE>
					</E1RESBL>
					<E1RESBL SEGMENT="1">
						<AUSCH>0.00</AUSCH>
						<AVOAU>0.00</AVOAU>
						<BDART>AR</BDART>
						<BDMNG>288.000</BDMNG>
						<BDTER>20230531</BDTER>
						<ENMNG>0.000</ENMNG>
						<LGORT>M01W</LGORT>
						<MATNR>C56519</MATNR>
						<MEINS>PCE</MEINS>
						<SBTER>20230601</SBTER>
						<VMENG>0.000</VMENG>
						<WERKS>1051</WERKS>
						<SHKZG>H</SHKZG>
						<BWART>261</BWART>
						<POSNR>0590</POSNR>
						<MATNR_EXTERNAL>C56519</MATNR_EXTERNAL>
						<MATNR_GUID>45FE20C6B01908C7E100000095F403B4</MATNR_GUID>
						<RSNUM>1670696655</RSNUM>
						<RSPOS>0008</RSPOS>
						<ALPRF>00</ALPRF>
						<EWAHR>0</EWAHR>
						<NOMNG>0.000</NOMNG>
						<AUFST>00</AUFST>
						<AUFWG>00</AUFWG>
						<BAUST>00</BAUST>
						<BAUWG>00</BAUWG>
						<MRPOS>0000</MRPOS>
						<POSTP>L</POSTP>
						<AFPOS>0000</AFPOS>
						<STLNR>00286366</STLNR>
						<STLKN>00000168</STLKN>
						<STPOZ>00000499</STPOZ>
						<ASQTY>0.000</ASQTY>
						<LGNUM>ALD</LGNUM>
						<PRVBE>SM-L3</PRVBE>
					</E1RESBL>
					<E1RESBL SEGMENT="1">
						<AUSCH>0.00</AUSCH>
						<AVOAU>0.00</AVOAU>
						<BDART>AR</BDART>
						<BDMNG>0.000</BDMNG>
						<BDTER>20230531</BDTER>
						<ENMNG>0.000</ENMNG>
						<LGORT>M01W</LGORT>
						<MATNR>K015967</MATNR>
						<MEINS>PCE</MEINS>
						<SBTER>20230601</SBTER>
						<VMENG>0.000</VMENG>
						<WERKS>1051</WERKS>
						<SHKZG>H</SHKZG>
						<BWART>261</BWART>
						<POSNR>0600</POSNR>
						<MATNR_EXTERNAL>K015967</MATNR_EXTERNAL>
						<MATNR_GUID>45FE5342B01908C7E100000095F403B4</MATNR_GUID>
						<RSNUM>1670696655</RSNUM>
						<RSPOS>0009</RSPOS>
						<ALPOS>X</ALPOS>
						<ALPGR>01</ALPGR>
						<ALPRF>00</ALPRF>
						<EWAHR>0</EWAHR>
						<NOMNG>288.000</NOMNG>
						<AUFST>00</AUFST>
						<AUFWG>00</AUFWG>
						<BAUST>00</BAUST>
						<BAUWG>00</BAUWG>
						<MRPOS>0000</MRPOS>
						<POSTP>L</POSTP>
						<AFPOS>0000</AFPOS>
						<STLNR>00286366</STLNR>
						<STLKN>00000169</STLKN>
						<STPOZ>00000501</STPOZ>
						<ASQTY>0.000</ASQTY>
						<LGNUM>ALD</LGNUM>
						<PRVBE>SM-L3</PRVBE>
					</E1RESBL>
					<E1RESBL SEGMENT="1">
						<AUSCH>0.00</AUSCH>
						<AVOAU>0.00</AVOAU>
						<BDART>AR</BDART>
						<BDMNG>288.000</BDMNG>
						<BDTER>20230531</BDTER>
						<ENMNG>0.000</ENMNG>
						<LGORT>M01W</LGORT>
						<MATNR>K040475</MATNR>
						<MEINS>PCE</MEINS>
						<SBTER>20230601</SBTER>
						<VMENG>0.000</VMENG>
						<WERKS>1051</WERKS>
						<SHKZG>H</SHKZG>
						<BWART>261</BWART>
						<POSNR>0600</POSNR>
						<MATNR_EXTERNAL>K040475</MATNR_EXTERNAL>
						<MATNR_GUID>49DC4641204F05E2E100000095F403B4</MATNR_GUID>
						<RSNUM>1670696655</RSNUM>
						<RSPOS>0010</RSPOS>
						<ALPOS>X</ALPOS>
						<ALPGR>01</ALPGR>
						<ALPRF>00</ALPRF>
						<EWAHR>100</EWAHR>
						<NOMNG>288.000</NOMNG>
						<AUFST>00</AUFST>
						<AUFWG>00</AUFWG>
						<BAUST>00</BAUST>
						<BAUWG>00</BAUWG>
						<MRPOS>0000</MRPOS>
						<POSTP>L</POSTP>
						<AFPOS>0000</AFPOS>
						<STLNR>00286366</STLNR>
						<STLKN>00000170</STLKN>
						<STPOZ>00000503</STPOZ>
						<ASQTY>0.000</ASQTY>
						<LGNUM>ALD</LGNUM>
						<PRVBE>SM-L3</PRVBE>
					</E1RESBL>
					<E1RESBL SEGMENT="1">
						<AUSCH>0.00</AUSCH>
						<AVOAU>0.00</AVOAU>
						<BDART>AR</BDART>
						<BDMNG>288.000</BDMNG>
						<BDTER>20230531</BDTER>
						<ENMNG>0.000</ENMNG>
						<LGORT>M01W</LGORT>
						<MATNR>K097548</MATNR>
						<MEINS>PCE</MEINS>
						<SBTER>20230601</SBTER>
						<VMENG>0.000</VMENG>
						<WERKS>1051</WERKS>
						<SHKZG>H</SHKZG>
						<BWART>261</BWART>
						<POSNR>0610</POSNR>
						<MATNR_EXTERNAL>K097548</MATNR_EXTERNAL>
						<MATNR_GUID>4A261D52BFEBA47DE100000095F40890</MATNR_GUID>
						<RSNUM>1670696655</RSNUM>
						<RSPOS>0011</RSPOS>
						<ALPOS>X</ALPOS>
						<ALPGR>02</ALPGR>
						<ALPRF>00</ALPRF>
						<EWAHR>100</EWAHR>
						<NOMNG>288.000</NOMNG>
						<AUFST>00</AUFST>
						<AUFWG>00</AUFWG>
						<BAUST>00</BAUST>
						<BAUWG>00</BAUWG>
						<MRPOS>0000</MRPOS>
						<POSTP>L</POSTP>
						<AFPOS>0000</AFPOS>
						<STLNR>00286366</STLNR>
						<STLKN>00000171</STLKN>
						<STPOZ>00000505</STPOZ>
						<ASQTY>0.000</ASQTY>
						<LGNUM>ALD</LGNUM>
						<PRVBE>SM-L3</PRVBE>
					</E1RESBL>
					<E1RESBL SEGMENT="1">
						<AUSCH>0.00</AUSCH>
						<AVOAU>0.00</AVOAU>
						<BDART>AR</BDART>
						<BDMNG>0.000</BDMNG>
						<BDTER>20230531</BDTER>
						<ENMNG>0.000</ENMNG>
						<LGORT>M01W</LGORT>
						<MATNR>K154338</MATNR>
						<MEINS>PCE</MEINS>
						<SBTER>20230601</SBTER>
						<VMENG>0.000</VMENG>
						<WERKS>1051</WERKS>
						<SHKZG>H</SHKZG>
						<BWART>261</BWART>
						<POSNR>0610</POSNR>
						<MATNR_EXTERNAL>K154338</MATNR_EXTERNAL>
						<MATNR_GUID>4ADC920576125665E100000095F403B4</MATNR_GUID>
						<RSNUM>1670696655</RSNUM>
						<RSPOS>0012</RSPOS>
						<ALPOS>X</ALPOS>
						<ALPGR>02</ALPGR>
						<ALPRF>00</ALPRF>
						<EWAHR>0</EWAHR>
						<NOMNG>288.000</NOMNG>
						<AUFST>00</AUFST>
						<AUFWG>00</AUFWG>
						<BAUST>00</BAUST>
						<BAUWG>00</BAUWG>
						<MRPOS>0000</MRPOS>
						<POSTP>L</POSTP>
						<AFPOS>0000</AFPOS>
						<STLNR>00286366</STLNR>
						<STLKN>00000172</STLKN>
						<STPOZ>00000507</STPOZ>
						<ASQTY>0.000</ASQTY>
						<LGNUM>ALD</LGNUM>
						<PRVBE>SM-L3</PRVBE>
					</E1RESBL>
					<E1RESBL SEGMENT="1">
						<AUSCH>0.00</AUSCH>
						<AVOAU>0.00</AVOAU>
						<BDART>AR</BDART>
						<BDMNG>288.000</BDMNG>
						<BDTER>20230531</BDTER>
						<ENMNG>0.000</ENMNG>
						<LGORT>M01W</LGORT>
						<MATNR>C73360</MATNR>
						<MEINS>PCE</MEINS>
						<SBTER>20230601</SBTER>
						<VMENG>0.000</VMENG>
						<WERKS>1051</WERKS>
						<SHKZG>H</SHKZG>
						<BWART>261</BWART>
						<POSNR>0680</POSNR>
						<MATNR_EXTERNAL>C73360</MATNR_EXTERNAL>
						<MATNR_GUID>45FE2927B01908C7E100000095F403B4</MATNR_GUID>
						<RSNUM>1670696655</RSNUM>
						<RSPOS>0013</RSPOS>
						<ALPRF>00</ALPRF>
						<EWAHR>0</EWAHR>
						<NOMNG>0.000</NOMNG>
						<AUFST>00</AUFST>
						<AUFWG>00</AUFWG>
						<BAUST>00</BAUST>
						<BAUWG>00</BAUWG>
						<MRPOS>0000</MRPOS>
						<POSTP>L</POSTP>
						<AFPOS>0000</AFPOS>
						<STLNR>00286366</STLNR>
						<STLKN>00000173</STLKN>
						<STPOZ>00000509</STPOZ>
						<ASQTY>0.000</ASQTY>
						<LGNUM>ALD</LGNUM>
						<PRVBE>SM-L3</PRVBE>
					</E1RESBL>
					<E1RESBL SEGMENT="1">
						<AUSCH>0.00</AUSCH>
						<AVOAU>0.00</AVOAU>
						<BDART>AR</BDART>
						<BDMNG>2304.000</BDMNG>
						<BDTER>20230531</BDTER>
						<ENMNG>0.000</ENMNG>
						<LGORT>M01W</LGORT>
						<MATNR>Z025950</MATNR>
						<MEINS>PCE</MEINS>
						<SBTER>20230601</SBTER>
						<VMENG>0.000</VMENG>
						<WERKS>1051</WERKS>
						<SHKZG>H</SHKZG>
						<BWART>261</BWART>
						<POSNR>0700</POSNR>
						<MATNR_EXTERNAL>Z025950</MATNR_EXTERNAL>
						<MATNR_GUID>45FE6F5CB01908C7E100000095F403B4</MATNR_GUID>
						<RSNUM>1670696655</RSNUM>
						<RSPOS>0014</RSPOS>
						<ALPRF>00</ALPRF>
						<EWAHR>0</EWAHR>
						<NOMNG>0.000</NOMNG>
						<AUFST>00</AUFST>
						<AUFWG>00</AUFWG>
						<BAUST>00</BAUST>
						<BAUWG>00</BAUWG>
						<MRPOS>0000</MRPOS>
						<POSTP>L</POSTP>
						<AFPOS>0000</AFPOS>
						<STLNR>00286366</STLNR>
						<STLKN>00000174</STLKN>
						<STPOZ>00000511</STPOZ>
						<ASQTY>0.000</ASQTY>
						<LGNUM>ALD</LGNUM>
						<PRVBE>SM-L3</PRVBE>
					</E1RESBL>
					<E1RESBL SEGMENT="1">
						<AUSCH>0.00</AUSCH>
						<AVOAU>0.00</AVOAU>
						<BDART>AR</BDART>
						<BDMNG>288.000</BDMNG>
						<BDTER>20230531</BDTER>
						<ENMNG>0.000</ENMNG>
						<LGORT>M01W</LGORT>
						<MATNR>K033278</MATNR>
						<MEINS>PCE</MEINS>
						<SBTER>20230601</SBTER>
						<VMENG>0.000</VMENG>
						<WERKS>1051</WERKS>
						<SHKZG>H</SHKZG>
						<BWART>261</BWART>
						<POSNR>0710</POSNR>
						<MATNR_EXTERNAL>K033278</MATNR_EXTERNAL>
						<MATNR_GUID>4919B20A7449507EE100000095F4038C</MATNR_GUID>
						<RSNUM>1670696655</RSNUM>
						<RSPOS>0015</RSPOS>
						<ALPRF>00</ALPRF>
						<EWAHR>0</EWAHR>
						<NOMNG>0.000</NOMNG>
						<AUFST>00</AUFST>
						<AUFWG>00</AUFWG>
						<BAUST>00</BAUST>
						<BAUWG>00</BAUWG>
						<MRPOS>0000</MRPOS>
						<POSTP>L</POSTP>
						<AFPOS>0000</AFPOS>
						<STLNR>00286366</STLNR>
						<STLKN>00000175</STLKN>
						<STPOZ>00000513</STPOZ>
						<ASQTY>0.000</ASQTY>
						<LGNUM>ALD</LGNUM>
						<PRVBE>SM-L3</PRVBE>
					</E1RESBL>
					<E1RESBL SEGMENT="1">
						<AUSCH>0.00</AUSCH>
						<AVOAU>0.00</AVOAU>
						<BDART>AR</BDART>
						<BDMNG>576.000</BDMNG>
						<BDTER>20230531</BDTER>
						<ENMNG>0.000</ENMNG>
						<LGORT>M01W</LGORT>
						<MATNR>K011574</MATNR>
						<MEINS>PCE</MEINS>
						<SBTER>20230601</SBTER>
						<VMENG>0.000</VMENG>
						<WERKS>1051</WERKS>
						<SHKZG>H</SHKZG>
						<BWART>261</BWART>
						<POSNR>0750</POSNR>
						<MATNR_EXTERNAL>K011574</MATNR_EXTERNAL>
						<MATNR_GUID>45FE4EE1B01908C7E100000095F403B4</MATNR_GUID>
						<RSNUM>1670696655</RSNUM>
						<RSPOS>0016</RSPOS>
						<ALPOS>X</ALPOS>
						<ALPGR>03</ALPGR>
						<ALPRF>00</ALPRF>
						<EWAHR>100</EWAHR>
						<NOMNG>576.000</NOMNG>
						<AUFST>00</AUFST>
						<AUFWG>00</AUFWG>
						<BAUST>00</BAUST>
						<BAUWG>00</BAUWG>
						<MRPOS>0000</MRPOS>
						<POSTP>L</POSTP>
						<AFPOS>0000</AFPOS>
						<STLNR>00286366</STLNR>
						<STLKN>00000176</STLKN>
						<STPOZ>00000515</STPOZ>
						<ASQTY>0.000</ASQTY>
						<LGNUM>ALD</LGNUM>
						<PRVBE>SM-L3</PRVBE>
					</E1RESBL>
					<E1RESBL SEGMENT="1">
						<AUSCH>0.00</AUSCH>
						<AVOAU>0.00</AVOAU>
						<BDART>AR</BDART>
						<BDMNG>0.000</BDMNG>
						<BDTER>20230531</BDTER>
						<ENMNG>0.000</ENMNG>
						<LGORT>M01W</LGORT>
						<MATNR>Z001252</MATNR>
						<MEINS>PCE</MEINS>
						<SBTER>20230601</SBTER>
						<VMENG>0.000</VMENG>
						<WERKS>1051</WERKS>
						<SHKZG>H</SHKZG>
						<BWART>261</BWART>
						<POSNR>0750</POSNR>
						<MATNR_EXTERNAL>Z001252</MATNR_EXTERNAL>
						<MATNR_GUID>45FE5CA9B01908C7E100000095F403B4</MATNR_GUID>
						<RSNUM>1670696655</RSNUM>
						<RSPOS>0017</RSPOS>
						<ALPOS>X</ALPOS>
						<ALPGR>03</ALPGR>
						<ALPRF>00</ALPRF>
						<EWAHR>0</EWAHR>
						<NOMNG>576.000</NOMNG>
						<AUFST>00</AUFST>
						<AUFWG>00</AUFWG>
						<BAUST>00</BAUST>
						<BAUWG>00</BAUWG>
						<MRPOS>0000</MRPOS>
						<POSTP>L</POSTP>
						<AFPOS>0000</AFPOS>
						<STLNR>00286366</STLNR>
						<STLKN>00000177</STLKN>
						<STPOZ>00000517</STPOZ>
						<ASQTY>0.000</ASQTY>
						<LGNUM>ALD</LGNUM>
						<PRVBE>SM-L3</PRVBE>
					</E1RESBL>
					<E1RESBL SEGMENT="1">
						<AUSCH>0.00</AUSCH>
						<AVOAU>0.00</AVOAU>
						<BDART>AR</BDART>
						<BDMNG>288.000</BDMNG>
						<BDTER>20230531</BDTER>
						<ENMNG>0.000</ENMNG>
						<LGORT>M01W</LGORT>
						<MATNR>K043096</MATNR>
						<MEINS>PCE</MEINS>
						<SBTER>20230601</SBTER>
						<VMENG>0.000</VMENG>
						<WERKS>1051</WERKS>
						<SHKZG>H</SHKZG>
						<BWART>261</BWART>
						<POSNR>0770</POSNR>
						<MATNR_EXTERNAL>K043096</MATNR_EXTERNAL>
						<MATNR_GUID>4A789D11388C0D36E100000095F4038C</MATNR_GUID>
						<RSNUM>1670696655</RSNUM>
						<RSPOS>0018</RSPOS>
						<ALPRF>00</ALPRF>
						<EWAHR>0</EWAHR>
						<NOMNG>0.000</NOMNG>
						<AUFST>00</AUFST>
						<AUFWG>00</AUFWG>
						<BAUST>00</BAUST>
						<BAUWG>00</BAUWG>
						<MRPOS>0000</MRPOS>
						<POSTP>L</POSTP>
						<AFPOS>0000</AFPOS>
						<STLNR>00286366</STLNR>
						<STLKN>00000178</STLKN>
						<STPOZ>00000519</STPOZ>
						<ASQTY>0.000</ASQTY>
						<LGNUM>ALD</LGNUM>
						<PRVBE>SM-L3</PRVBE>
					</E1RESBL>
					<E1RESBL SEGMENT="1">
						<AUSCH>0.00</AUSCH>
						<AVOAU>0.00</AVOAU>
						<BDART>AR</BDART>
						<BDMNG>288.000</BDMNG>
						<BDTER>20230531</BDTER>
						<ENMNG>0.000</ENMNG>
						<LGORT>M01W</LGORT>
						<MATNR>K051400</MATNR>
						<MEINS>PCE</MEINS>
						<SBTER>20230601</SBTER>
						<VMENG>0.000</VMENG>
						<WERKS>1051</WERKS>
						<SHKZG>H</SHKZG>
						<BWART>261</BWART>
						<POSNR>0820</POSNR>
						<MATNR_EXTERNAL>K051400</MATNR_EXTERNAL>
						<MATNR_GUID>4C0FF49541484320E100000095F403B4</MATNR_GUID>
						<RSNUM>1670696655</RSNUM>
						<RSPOS>0019</RSPOS>
						<ALPRF>00</ALPRF>
						<EWAHR>0</EWAHR>
						<NOMNG>0.000</NOMNG>
						<AUFST>00</AUFST>
						<AUFWG>00</AUFWG>
						<BAUST>00</BAUST>
						<BAUWG>00</BAUWG>
						<MRPOS>0000</MRPOS>
						<POSTP>L</POSTP>
						<AFPOS>0000</AFPOS>
						<STLNR>00286366</STLNR>
						<STLKN>00000179</STLKN>
						<STPOZ>00000521</STPOZ>
						<ASQTY>0.000</ASQTY>
						<LGNUM>ALD</LGNUM>
						<PRVBE>SM-L3</PRVBE>
					</E1RESBL>
					<E1RESBL SEGMENT="1">
						<AUSCH>0.00</AUSCH>
						<AVOAU>0.00</AVOAU>
						<BDART>AR</BDART>
						<BDMNG>576.000</BDMNG>
						<BDTER>20230531</BDTER>
						<ENMNG>0.000</ENMNG>
						<LGORT>M01W</LGORT>
						<MATNR>Z000519</MATNR>
						<MEINS>PCE</MEINS>
						<SBTER>20230601</SBTER>
						<VMENG>0.000</VMENG>
						<WERKS>1051</WERKS>
						<SHKZG>H</SHKZG>
						<BWART>261</BWART>
						<POSNR>0830</POSNR>
						<MATNR_EXTERNAL>Z000519</MATNR_EXTERNAL>
						<MATNR_GUID>45FE5A45B01908C7E100000095F403B4</MATNR_GUID>
						<RSNUM>1670696655</RSNUM>
						<RSPOS>0020</RSPOS>
						<ALPRF>00</ALPRF>
						<EWAHR>0</EWAHR>
						<NOMNG>0.000</NOMNG>
						<AUFST>00</AUFST>
						<AUFWG>00</AUFWG>
						<BAUST>00</BAUST>
						<BAUWG>00</BAUWG>
						<MRPOS>0000</MRPOS>
						<POSTP>L</POSTP>
						<AFPOS>0000</AFPOS>
						<STLNR>00286366</STLNR>
						<STLKN>00000180</STLKN>
						<STPOZ>00000523</STPOZ>
						<ASQTY>0.000</ASQTY>
						<LGNUM>ALD</LGNUM>
						<PRVBE>SM-L3</PRVBE>
					</E1RESBL>
					<E1RESBL SEGMENT="1">
						<AUSCH>0.00</AUSCH>
						<AVOAU>0.00</AVOAU>
						<BDART>AR</BDART>
						<BDMNG>288.000</BDMNG>
						<BDTER>20230531</BDTER>
						<ENMNG>0.000</ENMNG>
						<LGORT>M01W</LGORT>
						<MATNR>Z025953</MATNR>
						<MEINS>PCE</MEINS>
						<SBTER>20230601</SBTER>
						<VMENG>0.000</VMENG>
						<WERKS>1051</WERKS>
						<SHKZG>H</SHKZG>
						<BWART>261</BWART>
						<POSNR>0840</POSNR>
						<MATNR_EXTERNAL>Z025953</MATNR_EXTERNAL>
						<MATNR_GUID>462D0AFDC7CB4BCBE100000095F403B4</MATNR_GUID>
						<RSNUM>1670696655</RSNUM>
						<RSPOS>0021</RSPOS>
						<ALPRF>00</ALPRF>
						<EWAHR>0</EWAHR>
						<NOMNG>0.000</NOMNG>
						<AUFST>00</AUFST>
						<AUFWG>00</AUFWG>
						<BAUST>00</BAUST>
						<BAUWG>00</BAUWG>
						<MRPOS>0000</MRPOS>
						<POSTP>L</POSTP>
						<AFPOS>0000</AFPOS>
						<STLNR>00286366</STLNR>
						<STLKN>00000181</STLKN>
						<STPOZ>00000525</STPOZ>
						<ASQTY>0.000</ASQTY>
						<LGNUM>ALD</LGNUM>
						<PRVBE>SM-L3</PRVBE>
					</E1RESBL>
					<E1RESBL SEGMENT="1">
						<AUSCH>0.00</AUSCH>
						<AVOAU>0.00</AVOAU>
						<BDART>AR</BDART>
						<BDMNG>288.000</BDMNG>
						<BDTER>20230531</BDTER>
						<ENMNG>265.000</ENMNG>
						<LGORT>M01W</LGORT>
						<MATNR>Z0098073</MATNR>
						<MEINS>PCE</MEINS>
						<SBTER>20230601</SBTER>
						<VMENG>0.000</VMENG>
						<WERKS>1051</WERKS>
						<SHKZG>H</SHKZG>
						<BWART>261</BWART>
						<POSNR>0920</POSNR>
						<MATNR_EXTERNAL>Z0098073</MATNR_EXTERNAL>
						<MATNR_GUID>45FE6884B01908C7E100000095F403B4</MATNR_GUID>
						<RSNUM>1670696655</RSNUM>
						<RSPOS>0022</RSPOS>
						<ALPRF>00</ALPRF>
						<EWAHR>0</EWAHR>
						<NOMNG>0.000</NOMNG>
						<AUFST>00</AUFST>
						<AUFWG>00</AUFWG>
						<BAUST>00</BAUST>
						<BAUWG>00</BAUWG>
						<MRPOS>0000</MRPOS>
						<POSTP>L</POSTP>
						<AFPOS>0000</AFPOS>
						<STLNR>00286366</STLNR>
						<STLKN>00000182</STLKN>
						<STPOZ>00000527</STPOZ>
						<ASQTY>0.000</ASQTY>
						<LGNUM>ALD</LGNUM>
						<PRVBE>SM-L3</PRVBE>
					</E1RESBL>
					<E1RESBL SEGMENT="1">
						<AUSCH>0.00</AUSCH>
						<AVOAU>0.00</AVOAU>
						<BDART>AR</BDART>
						<BDMNG>0.000</BDMNG>
						<BDTER>20230531</BDTER>
						<ENMNG>0.000</ENMNG>
						<LGORT>M01W</LGORT>
						<MATNR>K018179</MATNR>
						<MEINS>PCE</MEINS>
						<SBTER>20230601</SBTER>
						<VMENG>0.000</VMENG>
						<WERKS>1051</WERKS>
						<SHKZG>H</SHKZG>
						<BWART>261</BWART>
						<POSNR>0990</POSNR>
						<MATNR_EXTERNAL>K018179</MATNR_EXTERNAL>
						<MATNR_GUID>45FE5653B01908C7E100000095F403B4</MATNR_GUID>
						<RSNUM>1670696655</RSNUM>
						<RSPOS>0023</RSPOS>
						<ALPOS>X</ALPOS>
						<ALPGR>04</ALPGR>
						<ALPRF>00</ALPRF>
						<EWAHR>0</EWAHR>
						<NOMNG>288.000</NOMNG>
						<AUFST>00</AUFST>
						<AUFWG>00</AUFWG>
						<BAUST>00</BAUST>
						<BAUWG>00</BAUWG>
						<MRPOS>0000</MRPOS>
						<POSTP>L</POSTP>
						<AFPOS>0000</AFPOS>
						<STLNR>00286366</STLNR>
						<STLKN>00000184</STLKN>
						<STPOZ>00000531</STPOZ>
						<ASQTY>0.000</ASQTY>
						<LGNUM>ALD</LGNUM>
						<PRVBE>SM-L3</PRVBE>
					</E1RESBL>
					<E1RESBL SEGMENT="1">
						<AUSCH>0.00</AUSCH>
						<AVOAU>0.00</AVOAU>
						<BDART>AR</BDART>
						<BDMNG>288.000</BDMNG>
						<BDTER>20230531</BDTER>
						<ENMNG>0.000</ENMNG>
						<LGORT>M01W</LGORT>
						<MATNR>K097543</MATNR>
						<MEINS>PCE</MEINS>
						<SBTER>20230601</SBTER>
						<VMENG>0.000</VMENG>
						<WERKS>1051</WERKS>
						<SHKZG>H</SHKZG>
						<BWART>261</BWART>
						<POSNR>0990</POSNR>
						<MATNR_EXTERNAL>K097543</MATNR_EXTERNAL>
						<MATNR_GUID>5FB21D52CBD93D50E100000095F40890</MATNR_GUID>
						<RSNUM>1670696655</RSNUM>
						<RSPOS>0024</RSPOS>
						<ALPOS>X</ALPOS>
						<ALPGR>04</ALPGR>
						<ALPRF>00</ALPRF>
						<EWAHR>100</EWAHR>
						<NOMNG>288.000</NOMNG>
						<AUFST>00</AUFST>
						<AUFWG>00</AUFWG>
						<BAUST>00</BAUST>
						<BAUWG>00</BAUWG>
						<MRPOS>0000</MRPOS>
						<POSTP>L</POSTP>
						<AFPOS>0000</AFPOS>
						<STLNR>00286366</STLNR>
						<STLKN>00000185</STLKN>
						<STPOZ>00000533</STPOZ>
						<ASQTY>0.000</ASQTY>
						<LGNUM>ALD</LGNUM>
						<PRVBE>SM-L3</PRVBE>
					</E1RESBL>
					<E1RESBL SEGMENT="1">
						<AUSCH>0.00</AUSCH>
						<AVOAU>0.00</AVOAU>
						<BDART>AR</BDART>
						<BDMNG>864.000</BDMNG>
						<BDTER>20230531</BDTER>
						<ENMNG>0.000</ENMNG>
						<LGORT>M01W</LGORT>
						<MATNR>K063299</MATNR>
						<MEINS>GRM</MEINS>
						<SBTER>20230601</SBTER>
						<VMENG>0.000</VMENG>
						<WERKS>1051</WERKS>
						<SHKZG>H</SHKZG>
						<BWART>261</BWART>
						<POSNR>1010</POSNR>
						<MATNR_EXTERNAL>K063299</MATNR_EXTERNAL>
						<MATNR_GUID>4DE478A6C86B4B42E100000095F403B4</MATNR_GUID>
						<RSNUM>1670696655</RSNUM>
						<RSPOS>0025</RSPOS>
						<ALPRF>00</ALPRF>
						<EWAHR>0</EWAHR>
						<NOMNG>0.000</NOMNG>
						<AUFST>00</AUFST>
						<AUFWG>00</AUFWG>
						<BAUST>00</BAUST>
						<BAUWG>00</BAUWG>
						<MRPOS>0000</MRPOS>
						<POSTP>L</POSTP>
						<AFPOS>0000</AFPOS>
						<STLNR>00286366</STLNR>
						<STLKN>00000187</STLKN>
						<STPOZ>00000537</STPOZ>
						<ASQTY>0.000</ASQTY>
						<LGNUM>ALD</LGNUM>
						<PRVBE>SM-L3</PRVBE>
					</E1RESBL>
					<E1RESBL SEGMENT="1">
						<AUSCH>0.00</AUSCH>
						<AVOAU>0.00</AVOAU>
						<BDART>AR</BDART>
						<BDMNG>288.000</BDMNG>
						<BDTER>20230531</BDTER>
						<ENMNG>265.000</ENMNG>
						<LGORT>M01W</LGORT>
						<MATNR>Z0728401</MATNR>
						<MEINS>PCE</MEINS>
						<SBTER>20230601</SBTER>
						<VMENG>0.000</VMENG>
						<WERKS>1051</WERKS>
						<SHKZG>H</SHKZG>
						<BWART>261</BWART>
						<POSNR>1040</POSNR>
						<MATNR_EXTERNAL>Z0728401</MATNR_EXTERNAL>
						<MATNR_GUID>BF11F2519F53A864E100000095F40890</MATNR_GUID>
						<RSNUM>1670696655</RSNUM>
						<RSPOS>0026</RSPOS>
						<ALPRF>00</ALPRF>
						<EWAHR>0</EWAHR>
						<NOMNG>0.000</NOMNG>
						<AUFST>00</AUFST>
						<AUFWG>00</AUFWG>
						<BAUST>00</BAUST>
						<BAUWG>00</BAUWG>
						<MRPOS>0000</MRPOS>
						<POSTP>L</POSTP>
						<AFPOS>0000</AFPOS>
						<STLNR>00286366</STLNR>
						<STLKN>00000188</STLKN>
						<STPOZ>00000539</STPOZ>
						<ASQTY>0.000</ASQTY>
						<LGNUM>ALD</LGNUM>
						<PRVBE>SM-L3</PRVBE>
					</E1RESBL>
					<E1RESBL SEGMENT="1">
						<AUSCH>0.00</AUSCH>
						<AVOAU>0.00</AVOAU>
						<BDART>AR</BDART>
						<BDMNG>288.000</BDMNG>
						<BDTER>20230531</BDTER>
						<ENMNG>0.000</ENMNG>
						<LGORT>M01W</LGORT>
						<MATNR>K096965</MATNR>
						<MEINS>PCE</MEINS>
						<SBTER>20230601</SBTER>
						<VMENG>0.000</VMENG>
						<WERKS>1051</WERKS>
						<SHKZG>H</SHKZG>
						<BWART>261</BWART>
						<POSNR>1060</POSNR>
						<MATNR_EXTERNAL>K096965</MATNR_EXTERNAL>
						<MATNR_GUID>50D25451CE045A07E100000095F40890</MATNR_GUID>
						<RSNUM>1670696655</RSNUM>
						<RSPOS>0027</RSPOS>
						<ALPRF>00</ALPRF>
						<EWAHR>0</EWAHR>
						<NOMNG>0.000</NOMNG>
						<AUFST>00</AUFST>
						<AUFWG>00</AUFWG>
						<BAUST>00</BAUST>
						<BAUWG>00</BAUWG>
						<MRPOS>0000</MRPOS>
						<POSTP>L</POSTP>
						<AFPOS>0000</AFPOS>
						<STLNR>00286366</STLNR>
						<STLKN>00000189</STLKN>
						<STPOZ>00000541</STPOZ>
						<ASQTY>0.000</ASQTY>
						<LGNUM>ALD</LGNUM>
						<PRVBE>SM-L3</PRVBE>
					</E1RESBL>
					<E1RESBL SEGMENT="1">
						<AUSCH>0.00</AUSCH>
						<AVOAU>0.00</AVOAU>
						<BDART>AR</BDART>
						<BDMNG>288.000</BDMNG>
						<BDTER>20230531</BDTER>
						<ENMNG>0.000</ENMNG>
						<LGORT>M01W</LGORT>
						<MATNR>K056932</MATNR>
						<MEINS>PCE</MEINS>
						<SBTER>20230601</SBTER>
						<VMENG>0.000</VMENG>
						<WERKS>1051</WERKS>
						<SHKZG>H</SHKZG>
						<BWART>261</BWART>
						<POSNR>1070</POSNR>
						<MATNR_EXTERNAL>K056932</MATNR_EXTERNAL>
						<MATNR_GUID>F6A5DA51AAB1B102E100000095F40890</MATNR_GUID>
						<RSNUM>1670696655</RSNUM>
						<RSPOS>0028</RSPOS>
						<ALPRF>00</ALPRF>
						<EWAHR>0</EWAHR>
						<NOMNG>0.000</NOMNG>
						<AUFST>00</AUFST>
						<AUFWG>00</AUFWG>
						<BAUST>00</BAUST>
						<BAUWG>00</BAUWG>
						<MRPOS>0000</MRPOS>
						<POSTP>L</POSTP>
						<AFPOS>0000</AFPOS>
						<STLNR>00286366</STLNR>
						<STLKN>00000190</STLKN>
						<STPOZ>00000543</STPOZ>
						<ASQTY>0.000</ASQTY>
						<LGNUM>ALD</LGNUM>
						<PRVBE>SM-L3</PRVBE>
					</E1RESBL>
					<E1RESBL SEGMENT="1">
						<AUSCH>0.00</AUSCH>
						<AVOAU>0.00</AVOAU>
						<BDART>AR</BDART>
						<BDMNG>576.000</BDMNG>
						<BDTER>20230531</BDTER>
						<ENMNG>530.000</ENMNG>
						<LGORT>M01W</LGORT>
						<MATNR>K070992</MATNR>
						<MEINS>PCE</MEINS>
						<SBTER>20230601</SBTER>
						<VMENG>0.000</VMENG>
						<WERKS>1051</WERKS>
						<SHKZG>H</SHKZG>
						<BWART>261</BWART>
						<POSNR>1140</POSNR>
						<MATNR_EXTERNAL>K070992</MATNR_EXTERNAL>
						<MATNR_GUID>8C341B52C60C877DE100000095F40890</MATNR_GUID>
						<RSNUM>1670696655</RSNUM>
						<RSPOS>0029</RSPOS>
						<ALPRF>00</ALPRF>
						<EWAHR>0</EWAHR>
						<NOMNG>0.000</NOMNG>
						<AUFST>00</AUFST>
						<AUFWG>00</AUFWG>
						<BAUST>00</BAUST>
						<BAUWG>00</BAUWG>
						<MRPOS>0000</MRPOS>
						<POSTP>L</POSTP>
						<AFPOS>0000</AFPOS>
						<STLNR>00286366</STLNR>
						<STLKN>00000191</STLKN>
						<STPOZ>00000545</STPOZ>
						<ASQTY>0.000</ASQTY>
						<LGNUM>ALD</LGNUM>
						<PRVBE>SM-L3</PRVBE>
					</E1RESBL>
					<E1RESBL SEGMENT="1">
						<AUSCH>0.00</AUSCH>
						<AVOAU>0.00</AVOAU>
						<BDART>AR</BDART>
						<BDMNG>288.000</BDMNG>
						<BDTER>20230531</BDTER>
						<ENMNG>265.000</ENMNG>
						<LGORT>M01W</LGORT>
						<MATNR>K109652</MATNR>
						<MEINS>PCE</MEINS>
						<SBTER>20230601</SBTER>
						<VMENG>0.000</VMENG>
						<WERKS>1051</WERKS>
						<SHKZG>H</SHKZG>
						<BWART>261</BWART>
						<POSNR>1160</POSNR>
						<MATNR_EXTERNAL>K109652</MATNR_EXTERNAL>
						<MATNR_GUID>D6BF325372D79134E100000095F40890</MATNR_GUID>
						<RSNUM>1670696655</RSNUM>
						<RSPOS>0031</RSPOS>
						<ALPOS>X</ALPOS>
						<ALPGR>05</ALPGR>
						<ALPRF>00</ALPRF>
						<EWAHR>100</EWAHR>
						<NOMNG>288.000</NOMNG>
						<AUFST>00</AUFST>
						<AUFWG>00</AUFWG>
						<BAUST>00</BAUST>
						<BAUWG>00</BAUWG>
						<MRPOS>0000</MRPOS>
						<POSTP>L</POSTP>
						<AFPOS>0000</AFPOS>
						<STLNR>00286366</STLNR>
						<STLKN>00000192</STLKN>
						<STPOZ>00000547</STPOZ>
						<ASQTY>0.000</ASQTY>
						<LGNUM>ALD</LGNUM>
						<PRVBE>SM-L3</PRVBE>
					</E1RESBL>
					<E1RESBL SEGMENT="1">
						<AUSCH>0.00</AUSCH>
						<AVOAU>0.00</AVOAU>
						<BDART>AR</BDART>
						<BDMNG>0.000</BDMNG>
						<BDTER>20230531</BDTER>
						<ENMNG>0.000</ENMNG>
						<LGORT>M01W</LGORT>
						<MATNR>K221797</MATNR>
						<MEINS>PCE</MEINS>
						<SBTER>20230601</SBTER>
						<VMENG>0.000</VMENG>
						<WERKS>1051</WERKS>
						<SHKZG>H</SHKZG>
						<BWART>261</BWART>
						<POSNR>1160</POSNR>
						<MATNR_EXTERNAL>K221797</MATNR_EXTERNAL>
						<MATNR_GUID>0050568900691EDB95A10747F5AB980D</MATNR_GUID>
						<RSNUM>1670696655</RSNUM>
						<RSPOS>0030</RSPOS>
						<ALPOS>X</ALPOS>
						<ALPGR>05</ALPGR>
						<ALPRF>00</ALPRF>
						<EWAHR>0</EWAHR>
						<NOMNG>288.000</NOMNG>
						<AUFST>00</AUFST>
						<AUFWG>00</AUFWG>
						<BAUST>00</BAUST>
						<BAUWG>00</BAUWG>
						<MRPOS>0000</MRPOS>
						<POSTP>L</POSTP>
						<AFPOS>0000</AFPOS>
						<STLNR>00286366</STLNR>
						<STLKN>00000193</STLKN>
						<STPOZ>00000549</STPOZ>
						<ASQTY>0.000</ASQTY>
						<LGNUM>ALD</LGNUM>
						<PRVBE>SM-L3</PRVBE>
					</E1RESBL>
					<E1RESBL SEGMENT="1">
						<AUSCH>0.00</AUSCH>
						<AVOAU>0.00</AVOAU>
						<BDART>AR</BDART>
						<BDMNG>1728.000</BDMNG>
						<BDTER>20230531</BDTER>
						<ENMNG>0.000</ENMNG>
						<LGORT>M01W</LGORT>
						<MATNR>K126925</MATNR>
						<MEINS>GRM</MEINS>
						<SBTER>20230601</SBTER>
						<VMENG>0.000</VMENG>
						<WERKS>1051</WERKS>
						<SHKZG>H</SHKZG>
						<BWART>261</BWART>
						<POSNR>1170</POSNR>
						<MATNR_EXTERNAL>K126925</MATNR_EXTERNAL>
						<MATNR_GUID>0050568900691EE5A0ADA4113F43F49F</MATNR_GUID>
						<RSNUM>1670696655</RSNUM>
						<RSPOS>0032</RSPOS>
						<ALPRF>00</ALPRF>
						<EWAHR>0</EWAHR>
						<NOMNG>0.000</NOMNG>
						<AUFST>00</AUFST>
						<AUFWG>00</AUFWG>
						<BAUST>00</BAUST>
						<BAUWG>00</BAUWG>
						<MRPOS>0000</MRPOS>
						<POSTP>L</POSTP>
						<AFPOS>0000</AFPOS>
						<STLNR>00286366</STLNR>
						<STLKN>00000194</STLKN>
						<STPOZ>00000551</STPOZ>
						<ASQTY>0.000</ASQTY>
						<LGNUM>ALD</LGNUM>
						<PRVBE>SM-L3</PRVBE>
					</E1RESBL>
					<E1RESBL SEGMENT="1">
						<AUSCH>0.00</AUSCH>
						<AVOAU>0.00</AVOAU>
						<BDART>AR</BDART>
						<BDMNG>288.000</BDMNG>
						<BDTER>20230531</BDTER>
						<ENMNG>262.000</ENMNG>
						<LGORT>M01W</LGORT>
						<MATNR>K209953</MATNR>
						<MEINS>PCE</MEINS>
						<SBTER>20230601</SBTER>
						<VMENG>0.000</VMENG>
						<WERKS>1051</WERKS>
						<SHKZG>H</SHKZG>
						<BWART>261</BWART>
						<POSNR>1210</POSNR>
						<MATNR_EXTERNAL>K209953</MATNR_EXTERNAL>
						<MATNR_GUID>0050568900691EDAA1ABA30894B0D3BA</MATNR_GUID>
						<RSNUM>1670696655</RSNUM>
						<RSPOS>0033</RSPOS>
						<ALPRF>00</ALPRF>
						<EWAHR>0</EWAHR>
						<NOMNG>0.000</NOMNG>
						<AUFST>00</AUFST>
						<AUFWG>00</AUFWG>
						<BAUST>00</BAUST>
						<BAUWG>00</BAUWG>
						<MRPOS>0000</MRPOS>
						<POSTP>L</POSTP>
						<AFPOS>0000</AFPOS>
						<STLNR>00286366</STLNR>
						<STLKN>00000197</STLKN>
						<STPOZ>00000557</STPOZ>
						<ASQTY>0.000</ASQTY>
						<LGNUM>ALD</LGNUM>
						<PRVBE>SM-L3</PRVBE>
					</E1RESBL>
					<E1RESBL SEGMENT="1">
						<AUSCH>0.00</AUSCH>
						<AVOAU>0.00</AVOAU>
						<BDART>AR</BDART>
						<BDMNG>288.000</BDMNG>
						<BDTER>20230531</BDTER>
						<ENMNG>263.000</ENMNG>
						<LGORT>M01W</LGORT>
						<MATNR>Z0835533</MATNR>
						<MEINS>PCE</MEINS>
						<SBTER>20230601</SBTER>
						<VMENG>0.000</VMENG>
						<WERKS>1051</WERKS>
						<SHKZG>H</SHKZG>
						<BWART>261</BWART>
						<POSNR>1220</POSNR>
						<MATNR_EXTERNAL>Z0835533</MATNR_EXTERNAL>
						<MATNR_GUID>0050568900691ED88DE0AE8B8E466FBD</MATNR_GUID>
						<RSNUM>1670696655</RSNUM>
						<RSPOS>0034</RSPOS>
						<ALPOS>X</ALPOS>
						<ALPGR>06</ALPGR>
						<ALPRF>00</ALPRF>
						<EWAHR>100</EWAHR>
						<NOMNG>288.000</NOMNG>
						<AUFST>00</AUFST>
						<AUFWG>00</AUFWG>
						<BAUST>00</BAUST>
						<BAUWG>00</BAUWG>         